1	Allele mutation Amino acid
1	Allele call for Amino acid
1	Allele produces Amino acid
1	Allele contain Chromosome
1	Allele expressed on Chromosome
1	Allele all make up Chromosome
1	Allele make up DNA
1	Allele found in DNA
1	Allele determine DNA
1	Allele code for DNA
1	Allele codes for Gene
1	Allele combine Gene
1	Allele comprise Gene
1	Allele contained in Gene
1	Allele determine Gene
1	Allele in a Gene
1	Allele located on Gene
1	Allele makes up Gene
1	Allele within Gene
1	Allele which are part of Gene
1	Allele stored in Gene
1	Allele at same loci on Gene
1	Allele form Gene
1	Allele is the information in a Gene
1	Allele is half of a Gene
1	Allele expressed in Gene
1	Allele expresses a Gene
1	Allele expression of a Gene
1	Allele consist of Gene
1	Allele code for Genotype
1	Allele mutation Genotype
1	Allele  can be Genotype
1	Allele can be Mutation
1	Allele link to form Nucleotide sequence
1	Allele coded by Nucleotide sequence
1	Allele code for Nucleotide sequence
1	Allele has a Phenotype
1	Allele may be Phenotype
1	Allele show in Phenotype
1	Allele creates Phenotype
1	Allele describes Phenotype
1	Allele represents Phenotype
1	Allele represented by Phenotype
1	Allele contain Protein
1	Allele determine mutation for Protein
1	Allele make up Protein
1	Allele parts of Protein
1	Allele which build Protein
1	Allele variations in Protein
1	Amino acid mutation Allele
1	Amino acid mutate to form Allele
1	Amino acid variations make up Allele
1	Amino acid determine Allele
1	Amino acid produced by Allele
1	Amino acid results from DNA
1	Amino acid which determines Gene
1	Amino acid comprise Gene
1	Amino acid scan for Nucleotide sequence
1	Amino acid codes for Protein
1	Amino acid result in Protein
1	Amino acid  decides Protein
1	Amino acid determines Protein
1	Amino acid correspond Protein
1	Amino acid made of Protein
1	Chromosome which form Allele
1	Chromosome make up Allele
1	Chromosome mutates Allele
1	Chromosome mutates to form Allele
1	Chromosome codes for Amino acid
1	Chromosome constructed by DNA
1	Chromosome located in DNA
1	Chromosome is part of DNA
1	Chromosome stores DNA
1	Chromosome carries DNA
1	Chromosome are a collection of DNA
1	Chromosome tightly wound to form DNA
1	Chromosome codes for Gene
1	Chromosome composed of Gene
1	Chromosome consists of Gene
1	Chromosome determines Gene
1	Chromosome makes up Gene
1	Chromosome made up of Gene
1	Chromosome which are Gene
1	Chromosome carries Genotype
1	Chromosome make up Genotype
1	Chromosome determine Genotype
1	Chromosome undergoes Mutation
1	Chromosome make up Nucleotide sequence
1	Chromosome organized into Nucleotide sequence
1	Chromosome determine Phenotype
1	Chromosome expresses Phenotype
1	Chromosome coding for multiple Phenotype
1	Chromosome code for Phenotype
1	Chromosome consists of Protein
1	Chromosome decode for Protein
1	Chromosome translated into Protein
1	Chromosome code for Protein
1	DNA sequences of Amino acid
1	DNA codes for Allele
1	DNA composed of Allele
1	DNA made of Allele
1	DNA characterizes Allele
1	DNA made of Chromosome
1	DNA replicate to form Chromosome
1	DNA single strand is Chromosome
1	DNA breaks down into Chromosome
1	DNA contains Chromosome
1	DNA codes for Gene
1	DNA consists of Gene
1	DNA express Gene
1	DNA made up of Gene
1	DNA mutation Gene
1	DNA a segment of Gene
1	DNA variation Gene
1	DNA create Gene
1	DNA has Gene
1	DNA composed of Gene
1	DNA come together to form Gene
1	DNA  comes from Gene
1	DNA produces Gene
1	DNA constructs Nucleotide sequence
1	DNA makes up Nucleotide sequence
1	DNA mutation Nucleotide sequence
1	DNA found in Nucleotide sequence
1	DNA located in Nucleotide sequence
1	DNA expresses Phenotype
1	DNA codes for Phenotype
1	DNA shows up in Phenotype
1	DNA make up Protein
1	DNA mutates to form different Protein
1	DNA create Protein
1	DNA contains Protein
1	DNA made up of Protein
1	DNA becomes mRNA
1	DNA replicated by mRNA
1	DNA synthesizes mRNA
1	DNA goes into mRNA
1	DNA transfers around cell as mRNA
1	DNA transported by mRNA
1	DNA assemble mRNA
1	DNA translate to mRNA
1	DNA works with mRNA
1	DNA contains mRNA
1	DNA converts into mRNA
1	DNA are copied by mRNA
1	DNA copies itself to make mRNA
1	DNA is made by mRNA
1	DNA make mRNA
1	DNA is transmitted through mRNA
1	DNA turns into mRNA
1	DNA is read by mRNA
1	DNA split to single strand to form mRNA
1	DNA is transformed into RNA through transcription mRNA
1	DNA is used to construct mRNA
1	DNA is used to form mRNA
1	DNA is used in the making of mRNA
1	DNA is complimentary to mRNA
1	Gene codes for various Allele
1	Gene comprised of Allele
1	Gene contain Allele
1	Gene determines Allele
1	Gene expressed by  variation in Allele
1	Gene expressed by Allele
1	Gene formed Allele
1	Gene have sequence for Allele
1	Gene makes up Allele
1	Gene are presented using Allele
1	Gene produces Allele
1	Gene represents variation in Allele
1	Gene are similar Allele
1	Gene types of Allele
1	Gene  also known as an Allele
1	Gene consists of Allele
1	Gene expresses Allele
1	Gene is part of Allele
1	Gene replicates Allele
1	Gene alter between Allele
1	Gene  produce different Allele
1	Gene contain Chromosome
1	Gene comprised of Chromosome
1	Gene many can form Chromosome
1	Gene is an expression of Chromosome
1	Gene is made of Chromosome
1	Gene make up Chromosome
1	Gene coil to form Chromosome
1	Gene contained in DNA
1	Gene construct the DNA
1	Gene combine to form DNA
1	Gene located on DNA
1	Gene make up DNA
1	Gene stored in DNA
1	Gene codes for DNA
1	Gene group to form DNA
1	Gene comes from DNA
1	Gene composes DNA
1	Gene is an expression of DNA
1	Gene makes up DNA
1	Gene contain information from DNA
1	Gene determine DNA
1	Gene determined by DNA
1	Gene collection of DNA
1	Gene express DNA
1	Gene are specific commands within DNA
1	Gene are found in DNA
1	Gene code for Genotype
1	Gene contain Mutation
1	Gene have Mutation
1	Gene make up Nucleotide sequence
1	Gene code for Nucleotide sequence
1	Gene comprised of Phenotype
1	Gene mutation creating Phenotype
1	Gene has a Phenotype
1	Gene may be Phenotype
1	Gene contains Phenotype
1	Gene represent Protein
1	Gene makes up Protein
1	Gene parts of Protein
1	Gene absorbs Protein
1	Gene contains Protein
1	Gene information comes in the form of a Protein
1	Gene is made from Protein
1	Gene are made up of Protein
1	Gene need Protein
1	Gene  sends info through Protein
1	Gene are sequences of Protein
1	Gene  expresses a Protein
1	Gene transcribed to Protein
1	Gene create mRNA
1	Gene compose mRNA
1	Gene work together mRNA
1	Gene are translated into mRNA
1	Gene read by mRNA
1	Gene determines mRNA
1	Gene uses mRNA
1	Gene utilizes for carrying information mRNA
1	Gene copied by mRNA
1	Gene are transcribed then translated into mRNA
1	Genotype determine Allele
1	Genotype coded by Allele
1	Genotype determined by combinations of Chromosome
1	Genotype determines one's DNA
1	Genotype determined by DNA
1	Genotype expression of Gene
1	Genotype means Phenotype
1	Genotype can be Phenotype
1	mRNA makes Amino acid
1	mRNA synthesizes Amino acid
1	mRNA synthesize DNA
1	mRNA carries DNA
1	mRNA codes for DNA
1	mRNA copies DNA
1	mRNA help in the copying of DNA
1	mRNA is translated from DNA
1	mRNA is transported with help from DNA
1	mRNA translates DNA
1	mRNA contains Gene
1	mRNA forms Gene
1	mRNA make up Protein
1	mRNA converts to Protein
1	mRNA makes Protein
1	mRNA RNA carries DNA to protein Protein
1	mRNA creates Protein
1	mRNA directs the Protein
1	mRNA makes Protein
1	mRNA synthesizes Protein
1	mRNA is made of different Protein
1	mRNA is replicated into Protein
1	mRNA is transcribed into Protein
1	mRNA transfers Protein
1	mRNA transports Protein
1	mRNA carries information to Protein
1	Mutation corresponds to Allele
1	Mutation changes traits shown in Allele
1	Mutation codes for Allele
1	Mutation is reflected in Allele
1	Mutation occurs at Allele
1	Mutation reflected DNA
1	Mutation codes for DNA
1	Mutation causes new Gene
1	Mutation corresponds to Gene
1	Mutation results in Gene
1	Mutation occurs at Gene
1	Mutation make up Gene
1	Mutation can bring in different Genotype
1	Mutation can change Genotype
1	Mutation if Nucleotide sequence
1	Mutation that gives a Nucleotide sequence
1	Mutation codes for Nucleotide sequence
1	Mutation are different because Nucleotide sequence
1	Mutation leads to Phenotype
1	Mutation gives a Phenotype
1	Mutation carries a unique Protein
1	Nucleotide sequence codes for Allele
1	Nucleotide sequence causes mutation for Allele
1	Nucleotide sequence continued in Allele
1	Nucleotide sequence is called Allele
1	Nucleotide sequence expresses Allele
1	Nucleotide sequence create Allele
1	Nucleotide sequence non-mutation Allele
1	Nucleotide sequence mutation within certain Allele
1	Nucleotide sequence make up Amino acid
1	Nucleotide sequence mutates to form diff Amino acid
1	Nucleotide sequence made up of Chromosome
1	Nucleotide sequence in 3s codes for DNA
1	Nucleotide sequence codons group to make DNA
1	Nucleotide sequence construct DNA
1	Nucleotide sequence links together DNA
1	Nucleotide sequence makes DNA
1	Nucleotide sequence change DNA
1	Nucleotide sequence subunit of DNA
1	Nucleotide sequence codes for Gene
1	Nucleotide sequence code in 3s for specific Gene
1	Nucleotide sequence mutates to form Gene
1	Nucleotide sequence represented by Gene
1	Nucleotide sequence contain Gene
1	Nucleotide sequence mutation leading to Genotype
1	Nucleotide sequence results in Phenotype
1	Nucleotide sequence expression of the Protein
1	Nucleotide sequence determine shape and function Protein
1	Nucleotide sequence link to form Protein
1	Nucleotide sequence make up Protein
1	Phenotype have Allele
1	Phenotype coded by Allele
1	Phenotype part of Allele
1	Phenotype composed of Allele
1	Phenotype determined by Amino acid
1	Phenotype is replicated Chromosome
1	Phenotype expressed through Chromosome
1	Phenotype coded by DNA
1	Phenotype expression of DNA
1	Phenotype determine Genotype
1	Phenotype results in Genotype
1	Phenotype if Genotype
1	Phenotype gives a Mutation
1	Phenotype mutates to diff Nucleotide sequence
1	Phenotype expressed as Protein
1	Protein results in Allele
1	Protein contributes Allele
1	Protein exhibits Allele
1	Protein determines Allele
1	Protein produce Allele
1	Protein codes for Allele
1	Protein distinguish between Allele
1	Protein made of Allele
1	Protein create Allele
1	Protein contain Allele
1	Protein helps pack Allele
1	Protein coded by Amino acid
1	Protein make up Amino acid
1	Protein linked Amino acid
1	Protein make up DNA
1	Protein form to make DNA
1	Protein found in DNA
1	Protein part of DNA
1	Protein make up Gene
1	Protein distinguish between Gene
1	Protein code for Gene
1	Protein that compose Gene
1	Protein part of Gene
1	Protein determine Gene
1	Protein control Gene
1	Protein decide Genotype
1	Protein results in Mutation
1	Protein code for Nucleotide sequence
1	Protein makes up Nucleotide sequence
1	Protein exhibit a certain Phenotype
1	Protein defines Phenotype
1	Protein build up Phenotype
1	Protein have variations of Phenotype
1	Protein makes up Phenotype
1	Protein assembles Phenotype
1	Protein characterizes Phenotype
2	Allele determine different Amino acid
2	Allele on a Chromosome
2	Allele contains DNA
2	Allele codes that exist within DNA
2	Allele refer to specific DNA
2	Allele part of DNA
2	Allele  has a certain DNA
2	Allele mutation of Gene
2	Allele type of a Gene
2	Allele express different phenotype of Gene
2	Allele illustrate variation in Gene
2	Allele  Gene
2	Allele combination on chromosomes Genotype
2	Allele expressed as Genotype
2	Allele gives different version of Genotype
2	Allele arranged in Nucleotide sequence
2	Allele determined by Nucleotide sequence
2	Allele  has Nucleotide sequence
2	Allele causes Phenotype
2	Allele changes Phenotype
2	Allele corresponds to Phenotype
2	Allele contribute to Phenotype
2	Allele codes for Phenotype
2	Allele determines Phenotype
2	Allele gives different version of Phenotype
2	Allele produces variation Phenotype
2	Allele results in Phenotype
2	Allele expresses Phenotype
2	Allele impacts Phenotype
2	Allele when present in 2 produces Phenotype
2	Allele creates Protein
2	Allele decides types of Protein
2	Allele determine a Protein
2	Allele forms Protein
2	Allele make Protein
2	Allele  results Protein
2	Allele translated into Protein
2	Amino acid changes based on Mutation
2	Amino acid coded in 3s by Nucleotide sequence
2	Amino acid makes Protein
2	Chromosome has Allele
2	Chromosome  composed of Allele
2	Chromosome  is a sequence of DNA
2	Chromosome consisting DNA
2	Chromosome  organize DNA
2	Chromosome are coiled and contain DNA
2	Chromosome has the Gene
2	Chromosome holds Gene
2	Chromosome includes Gene
2	Chromosome are made of Nucleotide sequence
2	Chromosome have Nucleotide sequence
2	DNA composes Allele
2	DNA comprises Allele
2	DNA forms Allele
2	DNA mutate to form Allele
2	DNA segment is a Allele
2	DNA contain Allele
2	DNA builds up Chromosome
2	DNA comprises Chromosome
2	DNA is a component of Chromosome
2	DNA composes Chromosome
2	DNA contained within Chromosome
2	DNA stored within Chromosome
2	DNA forms Chromosome
2	DNA found in Chromosome
2	DNA located on Chromosome
2	DNA makes up a Chromosome
2	DNA parts of Gene
2	DNA compose Gene
2	DNA segment is a Gene
2	DNA  contains Gene
2	DNA has Gene
2	DNA has regions called Gene
2	DNA causes Genotype
2	DNA can go through Mutation
2	DNA changed by Mutation
2	DNA which forms Nucleotide sequence
2	DNA is in Nucleotide sequence
2	DNA formed by Nucleotide sequence
2	DNA defined by Nucleotide sequence
2	DNA determined by Nucleotide sequence
2	DNA impacts Phenotype
2	DNA causes Phenotype
2	DNA determine Phenotype
2	DNA influences Phenotype
2	DNA determine Protein
2	DNA codes for mRNA
2	DNA controls the production of mRNA
2	DNA helps to encode messages to the mRNA
2	DNA leads to the creation of mRNA
2	DNA provides coding info to mRNA
2	DNA provides a basis for creating strands of mRNA
2	DNA transcribes mRNA
2	DNA is transcribed by mRNA
2	DNA transcription is used to produce mRNA
2	DNA uses its code to create mRNA
2	DNA has different structure than mRNA
2	DNA is copied into mRNA
2	DNA is copied to create mRNA
2	DNA sperates and is copied into a strand of mRNA
2	DNA transcripted into mRNA
2	Gene have a specific Allele
2	Gene mutate Allele
2	Gene mutates into Allele
2	Gene mutate to create Allele
2	Gene  varies depending on Allele
2	Gene  has Allele
2	Gene have many Allele
2	Gene mutated into new Allele
2	Gene mutation Allele
2	Gene on a Chromosome
2	Gene comprising Chromosome
2	Gene is stored in Chromosome
2	Gene contains DNA
2	Gene is part of DNA
2	Gene  is section of DNA
2	Gene representative part of DNA
2	Gene made by DNA
2	Gene is a section of DNA
2	Gene is a segment of DNA
2	Gene is a sequence of DNA
2	Gene  is a unit of DNA
2	Gene expressed as Genotype
2	Gene make up Genotype
2	Gene arranged in Nucleotide sequence
2	Gene determined by Nucleotide sequence
2	Gene  varies in Nucleotide sequence
2	Gene influence Phenotype
2	Gene contribute to Phenotype
2	Gene determine Phenotype
2	Gene creating Phenotype
2	Gene produces Phenotype
2	Gene expresses Phenotype
2	Gene codes for Phenotype
2	Gene results in Phenotype
2	Gene determines Protein
2	Gene makes Protein
2	Gene produces Protein
2	Gene are blueprints to make Protein
2	Gene codes into Protein
2	Gene controls synthesis of specific Protein
2	Gene could affect the usefulness of Protein
2	Gene could affect the activity of Protein
2	Gene determines type of Protein
2	Gene are turned on by Protein
2	Gene are turned off by Protein
2	Gene translated to Protein
2	Gene expressed by Protein
2	Gene determines sequence mRNA
2	Gene codes for mRNA
2	Gene transcribed by mRNA
2	Gene is copied to create mRNA
2	Gene is copied into mRNA
2	Genotype can have Allele
2	Genotype composed by Gene
2	Genotype shown in Phenotype
2	Genotype  produces Phenotype
2	Genotype leads to Phenotype
2	Genotype codes for Phenotype
2	Genotype code for Protein
2	Genotype determine Protein
2	Genotype translates to Protein
2	mRNA determines the sequences of Amino acid
2	mRNA  translation Amino acid
2	mRNA based off the sequences of DNA
2	mRNA carries info DNA
2	mRNA from DNA
2	mRNA is coded from DNA
2	mRNA comes from DNA
2	mRNA is made from DNA
2	mRNA is complementary to DNA
2	mRNA gets messages through DNA
2	mRNA is made by another strand of DNA
2	mRNA sequence matches that of DNA
2	mRNA takes information from DNA
2	mRNA transcribes DNA
2	mRNA Transcribes Gene
2	mRNA determines which Protein
2	mRNA has the amino acid sequence for Protein
2	mRNA helps make Protein
2	mRNA helps translate Protein
2	mRNA sends the genetic info to ribosomes to make Protein
2	mRNA sends the messages to synthesize Protein
2	mRNA transports information for Protein
2	mRNA carries information to make Protein
2	mRNA translates into Protein
2	mRNA helps to form Protein
2	mRNA used in process of forming the protein Protein
2	mRNA intiates the translation of Protein
2	mRNA sends information to make Protein
2	mRNA transfers information to make Protein
2	Mutation  gives different Allele
2	Mutation causes different Allele
2	Mutation changes Allele
2	Mutation causes variation in Allele
2	Mutation creates variation in Allele
2	Mutation affects Allele
2	Mutation creates new sequence of Amino acid
2	Mutation changes Amino acid
2	Mutation occurs in DNA
2	Mutation gives different Gene
2	Mutation changes Gene
2	Mutation alters Gene
2	Mutation appears in Gene
2	Mutation occurs in Nucleotide sequence
2	Mutation acted on Nucleotide sequence
2	Mutation rearrange Nucleotide sequence
2	Mutation affects Nucleotide sequence
2	Mutation acts on Nucleotide sequence
2	Mutation in the Nucleotide sequence
2	Mutation mistake can lead to changes in Nucleotide sequence
2	Mutation can alter Phenotype
2	Mutation can cause variation in Phenotype
2	Mutation changes Phenotype
2	Mutation affects Phenotype
2	Mutation results in different Phenotype
2	Mutation cause differences in Protein
2	Mutation changes Protein
2	Nucleotide sequence determine Allele
2	Nucleotide sequence mutation Allele
2	Nucleotide sequence forming different Allele
2	Nucleotide sequence make up Allele
2	Nucleotide sequence corresponds to Allele
2	Nucleotide sequence specify Amino acid
2	Nucleotide sequence denote Amino acid
2	Nucleotide sequence codes for Amino acid
2	Nucleotide sequence makes up Chromosome
2	Nucleotide sequence forms Chromosome
2	Nucleotide sequence consists of DNA
2	Nucleotide sequence part of DNA
2	Nucleotide sequence in DNA
2	Nucleotide sequence determines DNA
2	Nucleotide sequence string together to form DNA
2	Nucleotide sequence determines Gene
2	Nucleotide sequence forms Gene
2	Nucleotide sequence changes create Mutation
2	Nucleotide sequence error creates Mutation
2	Nucleotide sequence goes through Mutation
2	Nucleotide sequence mistake in replication Mutation
2	Nucleotide sequence which undergo causes Mutation
2	Nucleotide sequence produces Phenotype
2	Nucleotide sequence create Protein
2	Nucleotide sequence leads to Protein
2	Nucleotide sequence makes Protein
2	Phenotype varies depending on Allele
2	Phenotype express Allele
2	Phenotype determined by Allele
2	Phenotype changed by Allele
2	Phenotype decided by the combination of Allele
2	Phenotype impacted by DNA
2	Phenotype determined by DNA
2	Phenotype influenced by Gene
2	Phenotype produced by Gene
2	Phenotype coded by Gene
2	Phenotype results from variation in Nucleotide sequence
2	Phenotype created by Protein
2	Phenotype produced by Protein
2	Phenotype coded by Protein
2	Phenotype expresses Protein
2	Protein determined by Allele
2	Protein formed by Allele
2	Protein variations because Allele
2	Protein  Allele
2	Protein contained within Chromosome
2	Protein determined by Gene
2	Protein produced by Gene
2	Protein  Gene
2	Protein expresses Gene
2	Protein expressed from a specific Gene
2	Protein translation of Gene
2	Protein coded by Genotype
2	Protein reflect Genotype
2	Protein translation of Genotype
2	Protein displays Phenotype
2	Protein express Phenotype
2	Protein expresses Phenotype
2	Protein codes for Phenotype
2	Protein  produces Phenotype
2	Protein shows Phenotype
2	Protein creates Phenotype
2	Protein distinguishes Phenotype
2	Protein demonstrate Phenotype
2	Protein function as Phenotype
2	Protein regulates Phenotype
2	Protein  combine to form Phenotype
2	Protein represents Phenotype
2	Protein expressed as Phenotype
2	Protein expressed through Phenotype
2	Protein controls expression of Phenotype
2	Protein arrangement determines Phenotype
2	Protein contribute to the expression of Phenotype
3	Allele code for Amino acid
3	Allele section on a Chromosome
3	Allele locus on a Chromosome
3	Allele found on Chromosome
3	Allele located on Chromosome
3	Allele are part of Chromosome
3	Allele composed of DNA
3	Allele version of a Gene
3	Allele alternate form of a Gene
3	Allele variation of a Gene
3	Allele different version of a form of a Gene
3	Allele determine Genotype
3	Allele formed by Mutation
3	Allele results from Mutation
3	Allele caused by Mutation
3	Allele are specific Nucleotide sequence
3	Allele segments of Nucleotide sequence
3	Allele variation in Nucleotide sequence
3	Allele has unique Nucleotide sequence
3	Allele originates from mutation in Nucleotide sequence
3	Allele composed of Nucleotide sequence
3	Allele made of Nucleotide sequence
3	Allele contain Nucleotide sequence
3	Allele express traits in Phenotype
3	Allele epxress traits through Phenotype
3	Allele expressed as Phenotype
3	Allele codes for Protein
3	Amino acid coded by Allele
3	Amino acid  DNA
3	Amino acid coded for by  Gene
3	Amino acid  Mutation
3	Amino acid  Nucleotide sequence
3	Amino acid base unit of a Protein
3	Amino acid link to form Protein
3	Amino acid make up Protein
3	Amino acid building blocks for Protein
3	Chromosome coding section is Allele
3	Chromosome contains Allele
3	Chromosome  Amino acid
3	Chromosome made of 2 strands DNA
3	Chromosome composed of DNA
3	Chromosome made up of DNA
3	Chromosome contains DNA
3	Chromosome is tightly condensed DNA
3	Chromosome contains long strands of DNA
3	Chromosome coding section is Gene
3	Chromosome locus is Gene
3	Chromosome contains  Gene
3	Chromosome  Genotype
3	Chromosome  Mutation
3	Chromosome contains Nucleotide sequence
3	Chromosome  Phenotype
3	Chromosome  Protein
3	DNA codes for Amino acid
3	DNA coding section is Allele
3	DNA which make up Allele
3	DNA is organized in Chromosome
3	DNA two strands is Chromosome
3	DNA two strands make Chromosome
3	DNA coiled into Chromosome
3	DNA coils around histones to form Chromosome
3	DNA condensed into Chromosome
3	DNA  Genotype
3	DNA  Mutation
3	DNA composed of Nucleotide sequence
3	DNA consists of Nucleotide sequence
3	DNA contains Nucleotide sequence
3	DNA made of Nucleotide sequence
3	DNA arranged in Nucleotide sequence
3	DNA  Phenotype
3	DNA has genes that code for Protein
3	DNA codes for Protein
3	DNA serves as a template for mRNA
3	DNA is transcribed into mRNA
3	Gene different forms are Allele
3	Gene diff versions are Allele
3	Gene with different base sequences are Allele
3	Gene variations are called Allele
3	Gene have various versions called Allele
3	Gene mutation results in different  Allele
3	Gene code for Amino acid
3	Gene locus on a Chromosome
3	Gene coding section on a Chromosome
3	Gene found on Chromosome
3	Gene located on Chromosome
3	Gene  is a part of Chromosome
3	Gene coding section of DNA
3	Gene is composed of DNA
3	Gene is made up of  DNA
3	Gene determines Genotype
3	Gene  Mutation
3	Gene composed of Nucleotide sequence
3	Gene consists of Nucleotide sequence
3	Gene made up of Nucleotide sequence
3	Gene segments of Nucleotide sequence
3	Gene which are Nucleotide sequence
3	Gene contain Nucleotide sequence
3	Gene expressed in Phenotype
3	Gene expressed through Phenotype
3	Gene codes for Protein
3	Gene carries the DNA sequences that lead to creating a Protein
3	Gene  mRNA
3	Genotype diff versions from Allele
3	Genotype determined by Allele
3	Genotype contains of Allele
3	Genotype consists of  Allele
3	Genotype  Chromosome
3	Genotype  DNA
3	Genotype determined by Gene
3	Genotype expressed as Phenotype
3	Genotype determines Phenotype
3	Genotype  Protein
3	mRNA codes for Amino acid
3	mRNA brings together correct sequences of Amino acid
3	mRNA encodes Amino acid
3	mRNA is transcribed from DNA
3	mRNA  Gene
3	mRNA composed of Nucleotide sequence
3	mRNA made up of Nucleotide sequence
3	mRNA translated into Protein
3	mRNA codes for Protein
3	mRNA encodes Protein
3	mRNA  codes for making of Protein
3	mRNA translated to produce Protein
3	mRNA is translated into amino acids that make up a Protein
3	mRNA is translated by combining with tRNA and rRNA to build Protein
3	mRNA provides template for Protein
3	mRNA enters translation to produce Protein
3	Mutation causes formation Allele
3	Mutation creates Allele
3	Mutation forms Allele
3	Mutation causes new Allele
3	Mutation results in Allele
3	Mutation  Amino acid
3	Mutation alters DNA
3	Mutation changes DNA
3	Mutation causes variation in DNA
3	Mutation causes different nucleo sequence in Gene
3	Mutation causes variation in Gene
3	Mutation  Genotype
3	Mutation alters Nucleotide sequence
3	Mutation changes Nucleotide sequence
3	Mutation causes variation in Nucleotide sequence
3	Mutation creates variation in Nucleotide sequence
3	Mutation  Phenotype
3	Mutation  Protein
3	Nucleotide sequence mutation in sequence forms Allele
3	Nucleotide sequence mutation to form Allele
3	Nucleotide sequence mutations cause Allele
3	Nucleotide sequence  Amino acid
3	Nucleotide sequence  Chromosome
3	Nucleotide sequence make up DNA
3	Nucleotide sequence composes DNA
3	Nucleotide sequence forms DNA
3	Nucleotide sequence coding section is a Gene
3	Nucleotide sequence make up Gene
3	Nucleotide sequence comprises Gene
3	Nucleotide sequence  Genotype
3	Nucleotide sequence change in base pair is Mutation
3	Nucleotide sequence vary because Mutation
3	Nucleotide sequence are different because Mutation
3	Nucleotide sequence  Phenotype
3	Nucleotide sequence codes for Protein
3	Nucleotide sequence transcribed and translated into Protein
3	Phenotype expression of Allele
3	Phenotype  Amino acid
3	Phenotype  Chromosome
3	Phenotype  DNA
3	Phenotype expression of Gene
3	Phenotype expression of Genotype
3	Phenotype  Mutation
3	Phenotype  Nucleotide sequence
3	Phenotype expression of Protein
3	Phenotype determined by Protein
3	Protein coded by Allele
3	Protein  variations coded for by Allele
3	Protein made of Amino acid
3	Protein built from Amino acid
3	Protein  Chromosome
3	Protein coded by DNA
3	Protein  coded by genes on DNA
3	Protein coded by Gene
3	Protein  Genotype
3	Protein  Mutation
3	Protein coded by specific Nucleotide sequence
3	Protein Determines Phenotype
3	Protein influences Phenotype
3	Protein results in Phenotype
3	Protein can effect the Phenotype
